{
  "shard": "corpus/spine/kuairand_pure.parquet",
  "n_rows": 2622668,
  "S_definition": "S3 = -log2 P(tag-string, log10(video_duration_ms)//0.5 bucket)",
  "S3_unique_values": 74,
  "S3_mean": 6.673400151526209,
  "S3_std": 1.8006016524163482,
  "rows_missing_S3_metadata": 93901,
  "F1_within_item_user_half_rho_min30enc": {
    "psi_S3": {
      "rho": 0.9522870730388184,
      "n_items": 7556
    },
    "psi (released S0)": {
      "rho": 0.9542499487458919,
      "n_items": 7556
    },
    "numerator_only c(1+R)": {
      "rho": 0.9504759389927916,
      "n_items": 7556
    }
  },
  "F5_popularity_overlap_min10enc": {
    "psi_S3": {
      "rho": -0.01863781704930947,
      "n_items": 7580
    },
    "psi (released S0)": {
      "rho": -0.017804958710470522,
      "n_items": 7580
    },
    "numerator_only c(1+R)": {
      "rho": -0.018980476965486125,
      "n_items": 7580
    }
  },
  "F6_icc_1_k_ramp": {
    "psi_S3": {
      "k=1": {
        "icc": 0.6689036552527142,
        "n_items": 7583
      },
      "k=2": {
        "icc": 0.8016084729006425,
        "n_items": 7583
      },
      "k=5": {
        "icc": 0.9099208217165519,
        "n_items": 7583
      },
      "k=10": {
        "icc": 0.9528361713955823,
        "n_items": 7583
      },
      "k=30": {
        "icc": 0.9837683595944915,
        "n_items": 7583
      },
      "k=100": {
        "icc": 0.9950745441182535,
        "n_items": 7583
      }
    },
    "psi": {
      "k=1": {
        "icc": 0.22061741432197343,
        "n_items": 7583
      },
      "k=2": {
        "icc": 0.36148495299736755,
        "n_items": 7583
      },
      "k=5": {
        "icc": 0.5859786729306987,
        "n_items": 7583
      },
      "k=10": {
        "icc": 0.7389489946266179,
        "n_items": 7583
      },
      "k=30": {
        "icc": 0.8946482032329123,
        "n_items": 7583
      },
      "k=100": {
        "icc": 0.9658780984215976,
        "n_items": 7583
      }
    },
    "user_num": {
      "k=1": {
        "icc": 0.19189559778244947,
        "n_items": 7583
      },
      "k=2": {
        "icc": 0.3220006821729619,
        "n_items": 7583
      },
      "k=5": {
        "icc": 0.542819386370426,
        "n_items": 7583
      },
      "k=10": {
        "icc": 0.7036719802276283,
        "n_items": 7583
      },
      "k=30": {
        "icc": 0.87690665536788,
        "n_items": 7583
      },
      "k=100": {
        "icc": 0.959590060372798,
        "n_items": 7583
      }
    }
  },
  "F6_split_half_rho_ramp": {
    "psi_S3": {
      "n in [31,100]": {
        "rho": 0.7113990113213794,
        "n_items": 117
      },
      "n>=101": {
        "rho": 0.9539744124316485,
        "n_items": 7438
      }
    },
    "psi": {
      "n in [31,100]": {
        "rho": 0.7979589084206267,
        "n_items": 117
      },
      "n>=101": {
        "rho": 0.9549531882161765,
        "n_items": 7438
      }
    },
    "user_num": {
      "n in [31,100]": {
        "rho": 0.8034190595914297,
        "n_items": 117
      },
      "n>=101": {
        "rho": 0.9521578593964647,
        "n_items": 7438
      }
    }
  },
  "F4_canonical_with_isrand_merged": {
    "psi_S3": {
      "n_items": 6638,
      "pearson_r": 0.878748556691688,
      "spearman_rho": 0.5910235889240157,
      "psi_rand_mean": 0.06392319326538823,
      "psi_serv_mean": 0.10360232043513501
    },
    "psi": {
      "n_items": 6638,
      "pearson_r": 0.6790132827219105,
      "spearman_rho": 0.5747023540702024,
      "psi_rand_mean": 0.046902317238612205,
      "psi_serv_mean": 0.10606597507428428
    }
  }
}