{
  "shard": "datasets/tenrec/QK-article.csv",
  "n_rows": 46111728,
  "candidates": [
    {
      "name": "S0_cat_pair (released analog)",
      "S_unique_values": 239,
      "S_mean": 6.806279980249516,
      "S_std": 1.7283524970304651,
      "rows_missing_metadata": 0,
      "ICC_full_psi": {
        "k=1": 0.7996664559748524,
        "k=5": 0.9522863803818775,
        "k=10": 0.975560132930503,
        "k=30": 0.9917184442287151
      },
      "ICC_numerator_only": {
        "k=1": 0.7944934738519516,
        "k=5": 0.9508119171414811,
        "k=10": 0.9747858404870757,
        "k=30": 0.9914515861148366
      },
      "ICC_gap_at_k1": 0.005172982122900849,
      "split_half_rho_full_psi": {
        "n==2": {
          "rho": 0.6704760916383762,
          "n": 9872
        },
        "n in [3,5]": {
          "rho": 0.8045487664825071,
          "n": 24676
        },
        "n in [6,10]": {
          "rho": 0.9109818770236879,
          "n": 21745
        },
        "n in [31,100]": {
          "rho": 0.9929636849377826,
          "n": 29861
        },
        "n>=101": {
          "rho": 0.9991401697451934,
          "n": 48400
        }
      },
      "split_half_rho_numerator": {
        "n==2": {
          "rho": 0.66244923702843
        },
        "n in [3,5]": {
          "rho": 0.8052176294563589
        },
        "n in [6,10]": {
          "rho": 0.9096446429467976
        },
        "n in [31,100]": {
          "rho": 0.9931423973731976
        },
        "n>=101": {
          "rho": 0.9990737627546121
        }
      }
    },
    {
      "name": "S3a_cat_x_score1",
      "S_unique_values": 377,
      "S_mean": 8.044400939995525,
      "S_std": 1.993130141361745,
      "rows_missing_metadata": 0,
      "ICC_full_psi": {
        "k=1": 0.7962991324461297,
        "k=5": 0.9513282432248508,
        "k=10": 0.975057114586364,
        "k=30": 0.9915451119936362
      },
      "ICC_numerator_only": {
        "k=1": 0.7944934738519516,
        "k=5": 0.9508119171414811,
        "k=10": 0.9747858404870757,
        "k=30": 0.9914515861148366
      },
      "ICC_gap_at_k1": 0.001805658594178139,
      "split_half_rho_full_psi": {
        "n==2": {
          "rho": 0.6645767540480609,
          "n": 9898
        },
        "n in [3,5]": {
          "rho": 0.8046874093802066,
          "n": 24597
        },
        "n in [6,10]": {
          "rho": 0.9073717779680511,
          "n": 21740
        },
        "n in [31,100]": {
          "rho": 0.9929264182144143,
          "n": 29861
        },
        "n>=101": {
          "rho": 0.9991183212679839,
          "n": 48400
        }
      },
      "split_half_rho_numerator": {
        "n==2": {
          "rho": 0.6683868956399286
        },
        "n in [3,5]": {
          "rho": 0.8071515516323171
        },
        "n in [6,10]": {
          "rho": 0.9096076287308495
        },
        "n in [31,100]": {
          "rho": 0.9930669035628787
        },
        "n>=101": {
          "rho": 0.9990641332640409
        }
      }
    },
    {
      "name": "S3b_cat_x_score3",
      "S_unique_values": 397,
      "S_mean": 9.546459860676531,
      "S_std": 1.9916304017836877,
      "rows_missing_metadata": 0,
      "ICC_full_psi": {
        "k=1": 0.800297057609054,
        "k=5": 0.9524651285690642,
        "k=10": 0.9756539204027815,
        "k=30": 0.9917507488508643
      },
      "ICC_numerator_only": {
        "k=1": 0.7944934738519516,
        "k=5": 0.9508119171414811,
        "k=10": 0.9747858404870757,
        "k=30": 0.9914515861148366
      },
      "ICC_gap_at_k1": 0.005803583757102437,
      "split_half_rho_full_psi": {
        "n==2": {
          "rho": 0.6735223588474463,
          "n": 9865
        },
        "n in [3,5]": {
          "rho": 0.8073579085944564,
          "n": 24647
        },
        "n in [6,10]": {
          "rho": 0.9113869286556179,
          "n": 21722
        },
        "n in [31,100]": {
          "rho": 0.993218833363065,
          "n": 29861
        },
        "n>=101": {
          "rho": 0.9991723026932975,
          "n": 48400
        }
      },
      "split_half_rho_numerator": {
        "n==2": {
          "rho": 0.6730918536878211
        },
        "n in [3,5]": {
          "rho": 0.8101098464820773
        },
        "n in [6,10]": {
          "rho": 0.9105453953010972
        },
        "n in [31,100]": {
          "rho": 0.9931653666981743
        },
        "n>=101": {
          "rho": 0.9990492793375741
        }
      }
    },
    {
      "name": "S3c_cat_x_score1_x_score3",
      "S_unique_values": 350,
      "S_mean": 10.742589895482839,
      "S_std": 2.1746209808836254,
      "rows_missing_metadata": 0,
      "ICC_full_psi": {
        "k=1": 0.796485295372048,
        "k=5": 0.9513813749873098,
        "k=10": 0.9750850214950901,
        "k=30": 0.9915547313741764
      },
      "ICC_numerator_only": {
        "k=1": 0.7944934738519516,
        "k=5": 0.9508119171414811,
        "k=10": 0.9747858404870757,
        "k=30": 0.9914515861148366
      },
      "ICC_gap_at_k1": 0.0019918215200964706,
      "split_half_rho_full_psi": {
        "n==2": {
          "rho": 0.6588352303751219,
          "n": 9891
        },
        "n in [3,5]": {
          "rho": 0.8042750571424973,
          "n": 24709
        },
        "n in [6,10]": {
          "rho": 0.9110307548290537,
          "n": 21712
        },
        "n in [31,100]": {
          "rho": 0.9931740860027265,
          "n": 29861
        },
        "n>=101": {
          "rho": 0.9991749536778862,
          "n": 48400
        }
      },
      "split_half_rho_numerator": {
        "n==2": {
          "rho": 0.6626893153263377
        },
        "n in [3,5]": {
          "rho": 0.8107438562207384
        },
        "n in [6,10]": {
          "rho": 0.9094677674784342
        },
        "n in [31,100]": {
          "rho": 0.9931828501993003
        },
        "n>=101": {
          "rho": 0.9990694579264915
        }
      }
    }
  ]
}