{
  "linucrl_kuairand_pure_items_seed0": {
    "n": 493976,
    "mae": 0.11093315300922536,
    "rmse": 0.16677677890445552,
    "spearman": 0.3072050317687789,
    "shard": "/content/work/corpus/spine/kuairand_pure.parquet",
    "split": "items",
    "seed": 0,
    "K_history": 10,
    "n_features": 9,
    "feature_names": [
      "log_K_self",
      "K_self",
      "rec_count",
      "rec_same_K",
      "rec_hi_K",
      "rec_lo_K",
      "mean_K_recent",
      "mean_psi_recent",
      "bias"
    ],
    "weights": {
      "log_K_self": 0.08997920013438461,
      "K_self": -0.029444116268747014,
      "rec_count": -0.0019840152452273527,
      "rec_same_K": -0.0025339398292259494,
      "rec_hi_K": -0.004726503952347619,
      "rec_lo_K": -0.0004857669738259789,
      "mean_K_recent": 0.005842266046673539,
      "mean_psi_recent": 0.5027330705465867,
      "bias": 0.052116173469921874
    },
    "method": "linucrl_inspired"
  },
  "linucrl_kuairand_pure_items_seed1": {
    "n": 493976,
    "mae": 0.11093315300922536,
    "rmse": 0.16677677890445552,
    "spearman": 0.3072050317687789,
    "shard": "/content/work/corpus/spine/kuairand_pure.parquet",
    "split": "items",
    "seed": 1,
    "K_history": 10,
    "n_features": 9,
    "feature_names": [
      "log_K_self",
      "K_self",
      "rec_count",
      "rec_same_K",
      "rec_hi_K",
      "rec_lo_K",
      "mean_K_recent",
      "mean_psi_recent",
      "bias"
    ],
    "weights": {
      "log_K_self": 0.08997920013438461,
      "K_self": -0.029444116268747014,
      "rec_count": -0.0019840152452273527,
      "rec_same_K": -0.0025339398292259494,
      "rec_hi_K": -0.004726503952347619,
      "rec_lo_K": -0.0004857669738259789,
      "mean_K_recent": 0.005842266046673539,
      "mean_psi_recent": 0.5027330705465867,
      "bias": 0.052116173469921874
    },
    "method": "linucrl_inspired"
  },
  "linucrl_kuairand_pure_items_seed2": {
    "n": 493976,
    "mae": 0.11093315300922536,
    "rmse": 0.16677677890445552,
    "spearman": 0.3072050317687789,
    "shard": "/content/work/corpus/spine/kuairand_pure.parquet",
    "split": "items",
    "seed": 2,
    "K_history": 10,
    "n_features": 9,
    "feature_names": [
      "log_K_self",
      "K_self",
      "rec_count",
      "rec_same_K",
      "rec_hi_K",
      "rec_lo_K",
      "mean_K_recent",
      "mean_psi_recent",
      "bias"
    ],
    "weights": {
      "log_K_self": 0.08997920013438461,
      "K_self": -0.029444116268747014,
      "rec_count": -0.0019840152452273527,
      "rec_same_K": -0.0025339398292259494,
      "rec_hi_K": -0.004726503952347619,
      "rec_lo_K": -0.0004857669738259789,
      "mean_K_recent": 0.005842266046673539,
      "mean_psi_recent": 0.5027330705465867,
      "bias": 0.052116173469921874
    },
    "method": "linucrl_inspired"
  },
  "linucrl_kuairand_pure_users_seed0": {
    "n": 526570,
    "mae": 0.10921027048241394,
    "rmse": 0.1640800946571674,
    "spearman": 0.301781015827567,
    "shard": "/content/work/corpus/spine/kuairand_pure.parquet",
    "split": "users",
    "seed": 0,
    "K_history": 10,
    "n_features": 9,
    "feature_names": [
      "log_K_self",
      "K_self",
      "rec_count",
      "rec_same_K",
      "rec_hi_K",
      "rec_lo_K",
      "mean_K_recent",
      "mean_psi_recent",
      "bias"
    ],
    "weights": {
      "log_K_self": 0.09922789403383679,
      "K_self": -0.03334317384066605,
      "rec_count": -0.0016334099322506184,
      "rec_same_K": -0.003938750883849,
      "rec_hi_K": -0.004084709564335484,
      "rec_lo_K": 0.0007134047691331538,
      "mean_K_recent": 0.007656887571197431,
      "mean_psi_recent": 0.5122059099577477,
      "bias": 0.03739086214759738
    },
    "method": "linucrl_inspired"
  },
  "linucrl_kuairand_pure_users_seed1": {
    "n": 526570,
    "mae": 0.10921027048241394,
    "rmse": 0.1640800946571674,
    "spearman": 0.301781015827567,
    "shard": "/content/work/corpus/spine/kuairand_pure.parquet",
    "split": "users",
    "seed": 1,
    "K_history": 10,
    "n_features": 9,
    "feature_names": [
      "log_K_self",
      "K_self",
      "rec_count",
      "rec_same_K",
      "rec_hi_K",
      "rec_lo_K",
      "mean_K_recent",
      "mean_psi_recent",
      "bias"
    ],
    "weights": {
      "log_K_self": 0.09922789403383679,
      "K_self": -0.03334317384066605,
      "rec_count": -0.0016334099322506184,
      "rec_same_K": -0.003938750883849,
      "rec_hi_K": -0.004084709564335484,
      "rec_lo_K": 0.0007134047691331538,
      "mean_K_recent": 0.007656887571197431,
      "mean_psi_recent": 0.5122059099577477,
      "bias": 0.03739086214759738
    },
    "method": "linucrl_inspired"
  },
  "linucrl_kuairand_pure_users_seed2": {
    "n": 526570,
    "mae": 0.10921027048241394,
    "rmse": 0.1640800946571674,
    "spearman": 0.301781015827567,
    "shard": "/content/work/corpus/spine/kuairand_pure.parquet",
    "split": "users",
    "seed": 2,
    "K_history": 10,
    "n_features": 9,
    "feature_names": [
      "log_K_self",
      "K_self",
      "rec_count",
      "rec_same_K",
      "rec_hi_K",
      "rec_lo_K",
      "mean_K_recent",
      "mean_psi_recent",
      "bias"
    ],
    "weights": {
      "log_K_self": 0.09922789403383679,
      "K_self": -0.03334317384066605,
      "rec_count": -0.0016334099322506184,
      "rec_same_K": -0.003938750883849,
      "rec_hi_K": -0.004084709564335484,
      "rec_lo_K": 0.0007134047691331538,
      "mean_K_recent": 0.007656887571197431,
      "mean_psi_recent": 0.5122059099577477,
      "bias": 0.03739086214759738
    },
    "method": "linucrl_inspired"
  },
  "linucrl_kuairand_pure_time_seed0": {
    "n": 262266,
    "mae": 0.0819044995306489,
    "rmse": 0.1280048117277018,
    "spearman": 0.17435887480006898,
    "shard": "/content/work/corpus/spine/kuairand_pure.parquet",
    "split": "time",
    "seed": 0,
    "K_history": 10,
    "n_features": 9,
    "feature_names": [
      "log_K_self",
      "K_self",
      "rec_count",
      "rec_same_K",
      "rec_hi_K",
      "rec_lo_K",
      "mean_K_recent",
      "mean_psi_recent",
      "bias"
    ],
    "weights": {
      "log_K_self": 0.10619652896081813,
      "K_self": -0.03453412730589168,
      "rec_count": -0.0014184708309705684,
      "rec_same_K": -0.0035129301080994817,
      "rec_hi_K": -0.004731336281222608,
      "rec_lo_K": 0.0011346746518355964,
      "mean_K_recent": 0.011860126003393425,
      "mean_psi_recent": 0.5101614805485427,
      "bias": 0.010739846398420056
    },
    "method": "linucrl_inspired"
  },
  "linucrl_kuairand_pure_time_seed1": {
    "n": 262266,
    "mae": 0.0819044995306489,
    "rmse": 0.1280048117277018,
    "spearman": 0.17435887480006898,
    "shard": "/content/work/corpus/spine/kuairand_pure.parquet",
    "split": "time",
    "seed": 1,
    "K_history": 10,
    "n_features": 9,
    "feature_names": [
      "log_K_self",
      "K_self",
      "rec_count",
      "rec_same_K",
      "rec_hi_K",
      "rec_lo_K",
      "mean_K_recent",
      "mean_psi_recent",
      "bias"
    ],
    "weights": {
      "log_K_self": 0.10619652896081813,
      "K_self": -0.03453412730589168,
      "rec_count": -0.0014184708309705684,
      "rec_same_K": -0.0035129301080994817,
      "rec_hi_K": -0.004731336281222608,
      "rec_lo_K": 0.0011346746518355964,
      "mean_K_recent": 0.011860126003393425,
      "mean_psi_recent": 0.5101614805485427,
      "bias": 0.010739846398420056
    },
    "method": "linucrl_inspired"
  },
  "linucrl_kuairand_pure_time_seed2": {
    "n": 262266,
    "mae": 0.0819044995306489,
    "rmse": 0.1280048117277018,
    "spearman": 0.17435887480006898,
    "shard": "/content/work/corpus/spine/kuairand_pure.parquet",
    "split": "time",
    "seed": 2,
    "K_history": 10,
    "n_features": 9,