{
  "mlp_kuairand_pure_items_seed0": {
    "shard": "corpus/spine/kuairand_pure.parquet",
    "split": "items",
    "seed": 0,
    "epochs": 10,
    "embed_dim": 64,
    "hidden": 256,
    "lr": 0.001,
    "batch_size": 8192,
    "n_test": 493976,
    "mae": 0.09124201536178589,
    "rmse": 0.19333750009536743,
    "spearman": 0.2593965286121664
  },
  "mlp_kuairand_pure_items_seed1": {
    "shard": "corpus/spine/kuairand_pure.parquet",
    "split": "items",
    "seed": 1,
    "epochs": 10,
    "embed_dim": 64,
    "hidden": 256,
    "lr": 0.001,
    "batch_size": 8192,
    "n_test": 493976,
    "mae": 0.09544643759727478,
    "rmse": 0.18033798038959503,
    "spearman": 0.25778942027500207
  },
  "mlp_kuairand_pure_items_seed2": {
    "shard": "corpus/spine/kuairand_pure.parquet",
    "split": "items",
    "seed": 2,
    "epochs": 10,
    "embed_dim": 64,
    "hidden": 256,
    "lr": 0.001,
    "batch_size": 8192,
    "n_test": 493976,
    "mae": 0.12136931717395782,
    "rmse": 0.17221112549304962,
    "spearman": 0.2617944135436452
  },
  "mlp_kuairand_pure_users_seed0": {
    "shard": "corpus/spine/kuairand_pure.parquet",
    "split": "users",
    "seed": 0,
    "epochs": 10,
    "embed_dim": 64,
    "hidden": 256,
    "lr": 0.001,
    "batch_size": 8192,
    "n_test": 526570,
    "mae": 0.10061325132846832,
    "rmse": 0.15509743988513947,
    "spearman": 0.4964398618699096
  },
  "mlp_kuairand_pure_users_seed1": {
    "shard": "corpus/spine/kuairand_pure.parquet",
    "split": "users",
    "seed": 1,
    "epochs": 10,
    "embed_dim": 64,
    "hidden": 256,
    "lr": 0.001,
    "batch_size": 8192,
    "n_test": 526570,
    "mae": 0.090284563601017,
    "rmse": 0.16390880942344666,
    "spearman": 0.4922321999466867
  },
  "mlp_kuairand_pure_users_seed2": {
    "shard": "corpus/spine/kuairand_pure.parquet",
    "split": "users",
    "seed": 2,
    "epochs": 10,
    "embed_dim": 64,
    "hidden": 256,
    "lr": 0.001,
    "batch_size": 8192,
    "n_test": 526570,
    "mae": 0.10366671532392502,
    "rmse": 0.15447579324245453,
    "spearman": 0.4971536290016833
  },
  "mlp_kuairand_pure_time_seed0": {
    "shard": "corpus/spine/kuairand_pure.parquet",
    "split": "time",
    "seed": 0,
    "epochs": 10,
    "embed_dim": 64,
    "hidden": 256,
    "lr": 0.001,
    "batch_size": 8192,
    "n_test": 262266,
    "mae": 0.07141020148992538,
    "rmse": 0.12090393155813217,
    "spearman": 0.5490032460862937
  },
  "mlp_kuairand_pure_time_seed1": {
    "shard": "corpus/spine/kuairand_pure.parquet",
    "split": "time",
    "seed": 1,
    "epochs": 10,
    "embed_dim": 64,
    "hidden": 256,
    "lr": 0.001,
    "batch_size": 8192,
    "n_test": 262266,
    "mae": 0.07109489291906357,
    "rmse": 0.11993418633937836,
    "spearman": 0.5474945554411553
  },
  "mlp_kuairand_pure_time_seed2": {
    "shard": "corpus/spine/kuairand_pure.parquet",
    "split": "time",
    "seed": 2,
    "epochs": 10,
    "embed_dim": 64,
    "hidden": 256,
    "lr": 0.001,
    "batch_size": 8192,
    "n_test": 262266,
    "mae": 0.07157718390226364,
    "rmse": 0.11961051821708679,
    "spearman": 0.5475973442314555
  },
  "mlp_tenrec_qk_article_items_seed0": {
    "shard": "corpus/spine/tenrec_qk_article.parquet",
    "split": "items",
    "seed": 0,
    "epochs": 10,
    "embed_dim": 64,
    "hidden": 256,
    "lr": 0.001,
    "batch_size": 8192,
    "n_test": 9109380,
    "mae": 0.03595523163676262,
    "rmse": 0.049319542944431305,
    "spearman": 0.04314287216827721
  },
  "mlp_tenrec_qk_article_items_seed1": {
    "shard": "corpus/spine/tenrec_qk_article.parquet",
    "split": "items",
    "seed": 1,
    "epochs": 10,
    "embed_dim": 64,
    "hidden": 256,
    "lr": 0.001,
    "batch_size": 8192,
    "n_test": 9109380,
    "mae": 0.03735595941543579,
    "rmse": 0.045752037316560745,
    "spearman": 0.04991357218514252
  },
  "mlp_tenrec_qk_article_items_seed2": {
    "shard": "corpus/spine/tenrec_qk_article.parquet",
    "split": "items",
    "seed": 2,
    "epochs": 10,
    "embed_dim": 64,
    "hidden": 256,
    "lr": 0.001,
    "batch_size": 8192,
    "n_test": 9109380,
    "mae": 0.043696265667676926,
    "rmse": 0.0510883554816246,
    "spearman": 0.03729360340920257
  },
  "mlp_tenrec_qk_article_users_seed0": {
    "shard": "corpus/spine/tenrec_qk_article.parquet",
    "split": "users",
    "seed": 0,
    "epochs": 10,
    "embed_dim": 64,
    "hidden": 256,
    "lr": 0.001,
    "batch_size": 8192,
    "n_test": 9282301,
    "mae": 0.008493339642882347,
    "rmse": 0.01875503547489643,
    "spearman": 0.9096944988382467
  },
  "mlp_tenrec_qk_article_users_seed1": {
    "shard": "corpus/spine/tenrec_qk_article.parquet",
    "split": "users",
    "seed": 1,
    "epochs": 10,
    "embed_dim": 64,
    "hidden": 256,
    "lr": 0.001,
    "batch_size": 8192,
    "n_test": 9282301,
    "mae": 0.009677604772150517,
    "rmse": 0.01941736415028572,
    "spearman": 0.9102457705950977
  },
  "mlp_tenrec_qk_article_users_seed2": {
    "shard": "corpus/spine/tenrec_qk_article.parquet",
    "split": "users",
    "seed": 2,
    "epochs": 10,
    "embed_dim": 64,
    "hidden": 256,
    "lr": 0.001,
    "batch_size": 8192,
    "n_test": 9282301,
    "mae": 0.011157428845763206,
    "rmse": 0.020326752215623856,
    "spearman": 0.9102519583400046
  },
  "mlp_tenrec_qk_article_time_seed0": {
    "shard": "corpus/spine/tenrec_qk_article.parquet",
    "split": "time",
    "seed": 0,
    "epochs": 10,
    "embed_dim": 64,
    "hidden": 256,
    "lr": 0.001,
    "batch_size": 8192,
    "n_test": 4611172,
    "mae": 0.009199774824082851,
    "rmse": 0.01830577291548252,
    "spearman": 0.918523612825269
  },
  "mlp_tenrec_qk_article_time_seed1": {
    "shard": "corpus/spine/tenrec_qk_article.parquet",
    "split": "time",
    "seed": 1,
    "epochs": 10,
    "embed_dim": 64,
    "hidden": 256,
    "lr": 0.001,
    "batch_size": 8192,
    "n_test": 4611172,
    "mae": 0.008225996978580952,
    "rmse": 0.017875032499432564,
    "spearman": 0.9177403756609329
  },
  "mlp_tenrec_qk_article_time_seed2": {
    "shard": "corpus/spine/tenrec_qk_article.parquet",
    "split": "time",
    "seed": 2,
    "epochs": 10,
    "embed_dim": 64,
    "hidden": 256,
    "lr": 0.001,
    "batch_size": 8192,
    "n_test": 4611172,
    "mae": 0.009269204922020435,
    "rmse": 0.01869579404592514,
    "spearman": 0.9128864627074473
  }
}