{
  "kuairand_pure/items": {
    "n": 493976,
    "mae": 0.12120202801847955,
    "rmse": 0.17610031220459263,
    "true_mean": 0.09611464457199252,
    "pred_mean": 0.09408091504020352,
    "true_std": 0.17608874658392215,
    "pred_std": 8.343889587217328e-13,
    "spearman": NaN
  },
  "kuairand_pure/users": {
    "n": 526570,
    "mae": 0.09989403344217326,
    "rmse": 0.15325001528273272,
    "true_mean": 0.09395214197923044,
    "pred_mean": 0.09518745785817878,
    "true_std": 0.17340429841671418,
    "pred_std": 0.08256260867156377,
    "spearman": 0.5098350811496963
  },
  "kuairand_pure/time": {
    "n": 262266,
    "mae": 0.07201889640871495,
    "rmse": 0.12016829494358701,
    "true_mean": 0.055517021193481904,
    "pred_mean": 0.07496015343721875,
    "true_std": 0.12798407382202967,
    "pred_std": 0.07329913041306318,
    "spearman": 0.5314554673796041
  },
  "tenrec_qk_article/items": {
    "n": 9109380,
    "mae": 0.036277693017495394,
    "rmse": 0.045474271097327025,
    "true_mean": 0.06722213157776974,
    "pred_mean": 0.06806725165830019,
    "true_std": 0.04546641981530724,
    "pred_std": 3.520794960093608e-14,
    "spearman": NaN
  },
  "tenrec_qk_article/users": {
    "n": 9282301,
    "mae": 0.006684106568778767,
    "rmse": 0.017718434312876858,
    "true_mean": 0.06802367888289614,
    "pred_mean": 0.06806509612488072,
    "true_std": 0.04591445653725849,
    "pred_std": 0.042435882274004334,
    "spearman": 0.9128197628716721
  },
  "tenrec_qk_article/time": {
    "n": 4611172,
    "mae": 0.007744102721827509,
    "rmse": 0.019233052208664534,
    "true_mean": 0.06871953159872757,
    "pred_mean": 0.06897313795437877,
    "true_std": 0.045226364569512394,
    "pred_std": 0.041077258090347235,
    "spearman": 0.8970393120775525
  }
}