{
  "kuairand_pure/items": {
    "n": 493976,
    "mae": 0.12120202801847953,
    "rmse": 0.17610031220459266,
    "true_mean": 0.09611464457199252,
    "pred_mean": 0.09408091504020348,
    "true_std": 0.17608874658393686,
    "pred_std": 2.7755603709724333e-17,
    "spearman": NaN
  },
  "kuairand_pure/users": {
    "n": 526570,
    "mae": 0.09989403344217328,
    "rmse": 0.1532500152827327,
    "true_mean": 0.09395214197923041,
    "pred_mean": 0.09518745785817878,
    "true_std": 0.1734042984167724,
    "pred_std": 0.08256260867156068,
    "spearman": 0.5098350811496963
  },
  "kuairand_pure/time": {
    "n": 262266,
    "mae": 0.07201889640871498,
    "rmse": 0.12016829494358701,
    "true_mean": 0.05551702119348191,
    "pred_mean": 0.07496015343721874,
    "true_std": 0.12798407382203675,
    "pred_std": 0.07329913041306184,
    "spearman": 0.5314554673796041
  },
  "tenrec_qk_article/items": {
    "n": 9109380,
    "mae": 0.03627769301749537,
    "rmse": 0.04547427109732702,
    "true_mean": 0.06722213157776977,
    "pred_mean": 0.06806725165830022,
    "true_std": 0.0454664198152118,
    "pred_std": 1.3877788569545166e-17,
    "spearman": NaN
  },
  "tenrec_qk_article/users": {
    "n": 9282301,
    "mae": 0.00668410656877877,
    "rmse": 0.01771843431287687,
    "true_mean": 0.06802367888289611,
    "pred_mean": 0.06806509612488089,
    "true_std": 0.04591445653708061,
    "pred_std": 0.0424358822740184,
    "spearman": 0.9128197628716531
  },
  "tenrec_qk_article/time": {
    "n": 4611172,
    "mae": 0.007744102721827514,
    "rmse": 0.01923305220866453,
    "true_mean": 0.06871953159872769,
    "pred_mean": 0.06897313795437883,
    "true_std": 0.04522636456960229,
    "pred_std": 0.0410772580903548,
    "spearman": 0.8970393120775912
  }
}